{"cameraMode":{"drawMode":0,"name":"Shaded","section":"Shading Mode"},"sceneLighting":true,"audioPlay":false,"sceneViewState":{"showFog":true,"showMaterialUpdate":false,"showSkybox":true,"showFlares":true,"showImageEffects":true,"showParticleSystems":true,"showVisualEffectGraphs":true,"m_FxEnabled":true},"in2DMode":false,"pivot":{"x":428.08477783203127,"y":-36.46253967285156,"z":-460.94244384765627},"rotation":{"x":0.18426306545734406,"y":-0.15645447373390199,"z":0.030396493151783944,"w":0.970109224319458},"size":293.19403076171877,"orthographic":false}